id,name,industry,focus,details,size,stage,funding,founded_year,headquarters,website,created_at,updated_at
9bbd2fa0-1e4b-4721-99b8-2171d2bf1a88,OpenAI,Technology,Natural Language Processing,AI company focused on Natural Language Processing in the Technology industry.,1511,Established,Series A,2003,"San Francisco, CA, USA",https://openai.com,2025-08-27T22:08:47.397Z,2025-08-27T22:08:47.398Z
aaa74f28-c3da-4c05-a1fa-c25121deac87,DeepMind,Technology,Machine Learning,AI company focused on Machine Learning in the Technology industry.,2766,Established,Series B,2005,"London, UK",https://deepmind.com,2025-08-27T22:08:47.398Z,2025-08-27T22:08:47.398Z
6b6f767b-4866-4b29-a939-17fd0337c964,NVIDIA,Semiconductors,"Machine Learning, Computer Vision","AI company focused on Machine Learning, Computer Vision in the Semiconductors industry.",2264,Startup,Seed,2004,"Santa Clara, CA, USA",https://nvidia.com,2025-08-27T22:08:47.398Z,2025-08-27T22:08:47.398Z
ae21bc4f-d33a-47c3-acf6-1252612d9c63,C3.ai,Enterprise AI,Machine Learning,AI company focused on Machine Learning in the Enterprise AI industry.,3421,Growth,Series C,1997,"Redwood City, CA, USA",https://c3.ai,2025-08-27T22:08:47.398Z,2025-08-27T22:08:47.398Z
a63584a1-a8f8-4b18-868a-b9aaf723c60f,UiPath,Robotic Process Automation,"Robotics, Machine Learning","AI company focused on Robotics, Machine Learning in the Robotic Process Automation industry.",3809,Startup,Seed,1999,"New York, NY, USA",https://uipath.com,2025-08-27T22:08:47.398Z,2025-08-27T22:08:47.398Z
c6ddec39-9a3a-4e97-8cca-db5eb9beab4f,DataRobot,Enterprise AI,Machine Learning,AI company focused on Machine Learning in the Enterprise AI industry.,1155,Startup,Series A,2014,"Boston, MA, USA",https://datarobot.com,2025-08-27T22:08:47.398Z,2025-08-27T22:08:47.398Z
99e933d8-88ae-4c49-adb9-6fe3d28f742e,SenseTime,Technology,Computer Vision,AI company focused on Computer Vision in the Technology industry.,5421,Startup,Series A,2009,"Hong Kong, China",https://www.sensetime.com,2025-08-27T22:08:47.398Z,2025-08-27T22:08:47.398Z
e9178332-6550-448e-a475-6cd1fc0c4263,CloudMinds,Robotics,"Robotics, Machine Learning","AI company focused on Robotics, Machine Learning in the Robotics industry.",7775,Startup,Series C,2005,"Beijing, China",https://www.cloudminds.com,2025-08-27T22:08:47.398Z,2025-08-27T22:08:47.398Z
e226490e-689d-447b-8f93-8c1da22c0887,Graphcore,Semiconductors,Machine Learning,AI company focused on Machine Learning in the Semiconductors industry.,5528,Growth,Series C,2011,"Bristol, UK",https://graphcore.ai,2025-08-27T22:08:47.398Z,2025-08-27T22:08:47.398Z
1e966d35-d8a2-427a-b8a7-71eafb69596f,CognitiveScale,Enterprise AI,Machine Learning,AI company focused on Machine Learning in the Enterprise AI industry.,9804,Established,Series B,2015,"Austin, TX, USA",https://cognitivescale.com,2025-08-27T22:08:47.398Z,2025-08-27T22:08:47.398Z
230a1ef6-da10-4e46-bb65-b8717530a350,SambaNova Systems,Semiconductors,Machine Learning,AI company focused on Machine Learning in the Semiconductors industry.,8258,Growth,Bootstrapped,2016,"Palo Alto, CA, USA",https://sambanova.ai,2025-08-27T22:08:47.398Z,2025-08-27T22:08:47.398Z
96cba060-ce9a-4f43-85dd-ba36edd67981,Vicarious,Robotics,"Machine Learning, Robotics","AI company focused on Machine Learning, Robotics in the Robotics industry.",9986,Established,Bootstrapped,2013,"Union City, CA, USA",https://vicarious.com,2025-08-27T22:08:47.398Z,2025-08-27T22:08:47.398Z
b6ab9a52-2b72-46f9-a407-f922f3896d40,Zebra Medical Vision,Healthcare,Computer Vision,AI company focused on Computer Vision in the Healthcare industry.,333,Startup,Series B,2015,"Shefayim, Israel",https://www.zebra-med.com,2025-08-27T22:08:47.398Z,2025-08-27T22:08:47.398Z
3fa18f4d-33f7-419e-a4dd-747b1a85aa24,Tempus,Healthcare,Machine Learning,AI company focused on Machine Learning in the Healthcare industry.,5476,Established,Public,2019,"Chicago, IL, USA",https://tempus.com,2025-08-27T22:08:47.398Z,2025-08-27T22:08:47.398Z
e6edbcb4-d5a3-4476-a8bb-0bc24da5f949,PathAI,Healthcare,"Machine Learning, Computer Vision","AI company focused on Machine Learning, Computer Vision in the Healthcare industry.",1077,Established,Public,2007,"Boston, MA, USA",https://pathai.com,2025-08-27T22:08:47.398Z,2025-08-27T22:08:47.398Z
79413964-bc63-4afa-bcf6-09ead62cecae,Blue River Technology,Agriculture,"Computer Vision, Robotics","AI company focused on Computer Vision, Robotics in the Agriculture industry.",917,Established,Seed,2001,"Sunnyvale, CA, USA",https://www.bluerivertechnology.com,2025-08-27T22:08:47.398Z,2025-08-27T22:08:47.398Z
4adb773e-e3e3-4d76-8bbb-ebc05ae972f2,Xilinx,Semiconductors,Machine Learning,AI company focused on Machine Learning in the Semiconductors industry.,8938,Growth,Bootstrapped,2008,"San Jose, CA, USA",https://www.xilinx.com,2025-08-27T22:08:47.398Z,2025-08-27T22:08:47.398Z
d8ea06b7-e0e4-400b-b144-d5401ae92a10,H2O.ai,Enterprise AI,Machine Learning,AI company focused on Machine Learning in the Enterprise AI industry.,723,Startup,Bootstrapped,2009,"Mountain View, CA, USA",https://h2o.ai,2025-08-27T22:08:47.398Z,2025-08-27T22:08:47.398Z
c41db412-1f10-48b8-a750-7a9fecf28a38,Darktrace,Cybersecurity,Machine Learning,AI company focused on Machine Learning in the Cybersecurity industry.,6823,Established,Bootstrapped,2017,"Cambridge, UK",https://darktrace.com,2025-08-27T22:08:47.398Z,2025-08-27T22:08:47.398Z
24faf5ad-aa69-4b67-8955-486268d5c446,Sift,Cybersecurity,Machine Learning,AI company focused on Machine Learning in the Cybersecurity industry.,7944,Established,Seed,2006,"San Francisco, CA, USA",https://sift.com,2025-08-27T22:08:47.398Z,2025-08-27T22:08:47.398Z
0b17fa86-df49-486f-884f-343553c67b13,Cylance,Cybersecurity,Machine Learning,AI company focused on Machine Learning in the Cybersecurity industry.,3354,Growth,Public,1998,"Irvine, CA, USA",https://www.cylance.com,2025-08-27T22:08:47.398Z,2025-08-27T22:08:47.398Z
3031c631-216d-4ecf-9b0b-85ab5b12059f,Affectiva,Automotive,"Emotion AI, Computer Vision","AI company focused on Emotion AI, Computer Vision in the Automotive industry.",1625,Growth,Public,2014,"Boston, MA, USA",https://www.affectiva.com,2025-08-27T22:08:47.398Z,2025-08-27T22:08:47.398Z
3a21d446-1091-4039-b7c0-acdb428e7b95,Drive.ai,Automotive,"Machine Learning, Computer Vision","AI company focused on Machine Learning, Computer Vision in the Automotive industry.",6479,Growth,Seed,1998,"Mountain View, CA, USA",https://www.drive.ai,2025-08-27T22:08:47.398Z,2025-08-27T22:08:47.398Z
ed68fa40-3a44-4626-b72a-aa8ce4c7a141,Zoox,Automotive,"Robotics, Machine Learning","AI company focused on Robotics, Machine Learning in the Automotive industry.",4563,Growth,Seed,2018,"Foster City, CA, USA",https://zoox.com,2025-08-27T22:08:47.398Z,2025-08-27T22:08:47.398Z
3442fdae-05f2-4260-9238-1fb35cf920f8,Nuro,Automotive,"Robotics, Machine Learning","AI company focused on Robotics, Machine Learning in the Automotive industry.",990,Growth,Bootstrapped,2018,"Mountain View, CA, USA",https://nuro.ai,2025-08-27T22:08:47.398Z,2025-08-27T22:08:47.398Z
508d80d8-5bfd-4005-b849-b9d3f47f5b2f,Argo AI,Automotive,"Machine Learning, Robotics","AI company focused on Machine Learning, Robotics in the Automotive industry.",4493,Startup,Series C,2006,"Pittsburgh, PA, USA",https://www.argo.ai,2025-08-27T22:08:47.398Z,2025-08-27T22:08:47.398Z
4419f1af-08f3-4e17-ac49-40febfe82c83,Cerebras Systems,Semiconductors,Machine Learning,AI company focused on Machine Learning in the Semiconductors industry.,3778,Growth,Bootstrapped,2014,"Los Altos, CA, USA",https://www.cerebras.net,2025-08-27T22:08:47.398Z,2025-08-27T22:08:47.398Z
f9009fa6-0e3e-4c76-96fa-154abda15fce,Clarifai,Technology,Computer Vision,AI company focused on Computer Vision in the Technology industry.,6297,Established,Seed,2005,"New York, NY, USA",https://www.clarifai.com,2025-08-27T22:08:47.398Z,2025-08-27T22:08:47.398Z
50c1f6c2-2f68-4ab0-b057-7842df962af3,CognitiveScale,Enterprise AI,Machine Learning,AI company focused on Machine Learning in the Enterprise AI industry.,2663,Growth,Series B,2019,"Austin, TX, USA",https://cognitivescale.com,2025-08-27T22:08:47.398Z,2025-08-27T22:08:47.398Z
0b02a18d-d3c5-439d-9b48-b659aa4db3be,Anki,Robotics,"Robotics, Machine Learning","AI company focused on Robotics, Machine Learning in the Robotics industry.",1111,Growth,Series C,2011,"San Francisco, CA, USA",https://anki.com,2025-08-27T22:08:47.398Z,2025-08-27T22:08:47.398Z
ec6b6302-65c0-4923-9f6c-afc1ac523bc9,Vicarious,Robotics,"Machine Learning, Robotics","AI company focused on Machine Learning, Robotics in the Robotics industry.",7165,Growth,Series B,2003,"Union City, CA, USA",https://vicarious.com,2025-08-27T22:08:47.398Z,2025-08-27T22:08:47.398Z
7af02fd7-e242-4a5b-abb1-143ecdd657b3,SoundHound,Technology,Natural Language Processing,AI company focused on Natural Language Processing in the Technology industry.,7179,Established,Public,2007,"Santa Clara, CA, USA",https://www.soundhound.com,2025-08-27T22:08:47.398Z,2025-08-27T22:08:47.398Z
71c555f6-ec26-4de1-9c59-ed9b5f82d083,Suki AI,Healthcare,Natural Language Processing,AI company focused on Natural Language Processing in the Healthcare industry.,5746,Growth,Series C,2010,"Redwood City, CA, USA",https://www.suki.ai,2025-08-27T22:08:47.398Z,2025-08-27T22:08:47.398Z
45d23df2-8590-4883-a6d0-bd3ce4d76131,Babylon Health,Healthcare,Machine Learning,AI company focused on Machine Learning in the Healthcare industry.,2649,Growth,Public,2011,"London, UK",https://www.babylonhealth.com,2025-08-27T22:08:47.398Z,2025-08-27T22:08:47.398Z
60e8750b-eb79-45c7-9906-844036297049,Olive AI,Healthcare,Machine Learning,AI company focused on Machine Learning in the Healthcare industry.,9612,Growth,Bootstrapped,2007,"Columbus, OH, USA",https://oliveai.com,2025-08-27T22:08:47.398Z,2025-08-27T22:08:47.398Z
2d225334-6c0f-447a-b047-144edf2a5134,Recursion Pharmaceuticals,Biotechnology,Machine Learning,AI company focused on Machine Learning in the Biotechnology industry.,4268,Established,Series A,2004,"Salt Lake City, UT, USA",https://www.recursionpharma.com,2025-08-27T22:08:47.398Z,2025-08-27T22:08:47.398Z
e0b01830-c066-46ee-8d04-0c8f155eb069,Atomwise,Biotechnology,Machine Learning,AI company focused on Machine Learning in the Biotechnology industry.,1040,Growth,Seed,2004,"San Francisco, CA, USA",https://atomwise.com,2025-08-27T22:08:47.398Z,2025-08-27T22:08:47.398Z
bfac3bf7-0c7e-4585-ab4b-bbf0e1264d63,Insitro,Biotechnology,Machine Learning,AI company focused on Machine Learning in the Biotechnology industry.,3374,Growth,Seed,1995,"South San Francisco, CA, USA",https://www.insitro.com,2025-08-27T22:08:47.398Z,2025-08-27T22:08:47.398Z
320131b6-26b1-4956-85ef-95299d153dc7,Zymergen,Biotechnology,Machine Learning,AI company focused on Machine Learning in the Biotechnology industry.,1545,Startup,Series B,2009,"Emeryville, CA, USA",https://www.zymergen.com,2025-08-27T22:08:47.398Z,2025-08-27T22:08:47.398Z
75ca2b00-f3b6-4325-931e-b2c68c315891,Citrine Informatics,Materials Science,Machine Learning,AI company focused on Machine Learning in the Materials Science industry.,6946,Growth,Series A,2009,"Redwood City, CA, USA",https://citrine.io,2025-08-27T22:08:47.398Z,2025-08-27T22:08:47.398Z
b2ef1eca-c81a-4273-a96b-64a6462d74e4,Element AI,Enterprise AI,Machine Learning,AI company focused on Machine Learning in the Enterprise AI industry.,8103,Growth,Bootstrapped,2016,"Montreal, Canada",https://www.elementai.com,2025-08-27T22:08:47.398Z,2025-08-27T22:08:47.398Z
30a9d0e1-db55-4e00-b139-11a8a1cfb44d,CognitiveScale,Enterprise AI,Machine Learning,AI company focused on Machine Learning in the Enterprise AI industry.,2573,Startup,Series A,2011,"Austin, TX, USA",https://cognitivescale.com,2025-08-27T22:08:47.398Z,2025-08-27T22:08:47.398Z
1523173f-800d-4080-a72c-4b40ea530983,SAS,Enterprise AI,Machine Learning,AI company focused on Machine Learning in the Enterprise AI industry.,2557,Startup,Series A,1998,"Cary, NC, USA",https://www.sas.com,2025-08-27T22:08:47.398Z,2025-08-27T22:08:47.398Z
831dda83-1760-4238-931e-0997679676e9,Palantir Technologies,Enterprise AI,Machine Learning,AI company focused on Machine Learning in the Enterprise AI industry.,1624,Established,Series A,1995,"Palo Alto, CA, USA",https://www.palantir.com,2025-08-27T22:08:47.398Z,2025-08-27T22:08:47.398Z
5f2bd9c0-991b-4b02-b433-8ccc18c759b5,H2O.ai,Enterprise AI,Machine Learning,AI company focused on Machine Learning in the Enterprise AI industry.,2732,Startup,Bootstrapped,2003,"Mountain View, CA, USA",https://h2o.ai,2025-08-27T22:08:47.398Z,2025-08-27T22:08:47.398Z
fa101c77-41ec-46b0-a1b5-9c213abebf76,C3.ai,Enterprise AI,Machine Learning,AI company focused on Machine Learning in the Enterprise AI industry.,4219,Growth,Series C,2003,"Redwood City, CA, USA",https://c3.ai,2025-08-27T22:08:47.398Z,2025-08-27T22:08:47.398Z
214faadc-a727-4c8c-a1e6-928d360dcc95,CognitiveScale,Enterprise AI,Machine Learning,AI company focused on Machine Learning in the Enterprise AI industry.,8049,Established,Series A,1997,"Austin, TX, USA",https://cognitivescale.com,2025-08-27T22:08:47.398Z,2025-08-27T22:08:47.398Z
c63c0416-764c-4e50-a8a1-0d1ffc5e9dd9,SAS,Enterprise AI,Machine Learning,AI company focused on Machine Learning in the Enterprise AI industry.,4435,Established,Public,2013,"Cary, NC, USA",https://www.sas.com,2025-08-27T22:08:47.398Z,2025-08-27T22:08:47.398Z
8e938fd1-3da9-4948-b3c2-53ddb5504f07,Alelo Brasil,Technology,Machine Learning,AI company focused on Machine Learning in the Technology industry.,1000,Established,Series A,2020,"San Francisco, CA, USA",https://alelobrasil.com,2025-08-27T16:50:38.201904Z,2025-08-27T16:50:38.201907Z
00a6bfd7-e8c4-43d6-8d5d-40eb271d56b1,Axiom World,Technology,Machine Learning,AI company focused on Machine Learning in the Technology industry.,1000,Established,Series A,2020,"San Francisco, CA, USA",https://axiomworld.com,2025-08-27T16:50:38.202227Z,2025-08-27T16:50:38.202228Z
6b3a195c-e657-49a9-b553-256344956626,Airtel Digital,Technology,Machine Learning,AI company focused on Machine Learning in the Technology industry.,1000,Established,Series A,2020,"San Francisco, CA, USA",https://airteldigital.com,2025-08-27T16:50:38.202320Z,2025-08-27T16:50:38.202321Z
2bdcaa46-aea4-4cb3-945b-691a1b697de6,Infosys,Technology,Machine Learning,AI company focused on Machine Learning in the Technology industry.,1000,Established,Series A,2020,"San Francisco, CA, USA",https://infosys.com,2025-08-27T16:50:38.202385Z,2025-08-27T16:50:38.202386Z
72930306-0fe4-484c-9bbb-702ca92ca69a,Banco Bradesco,Technology,Machine Learning,AI company focused on Machine Learning in the Technology industry.,1000,Established,Series A,2020,"San Francisco, CA, USA",https://bancobradesco.com,2025-08-27T16:50:38.202475Z,2025-08-27T16:50:38.202476Z
5bda763e-35eb-40d9-a078-cc5c1f12f712,hackajob,Technology,Machine Learning,AI company focused on Machine Learning in the Technology industry.,1000,Established,Series A,2020,"San Francisco, CA, USA",https://hackajob.com,2025-08-27T16:50:38.202563Z,2025-08-27T16:50:38.202564Z
43373780-4672-42a6-8876-05d3c8af7122,Tamarind Bio,Technology,Machine Learning,AI company focused on Machine Learning in the Technology industry.,1000,Established,Series A,2020,"San Francisco, CA, USA",https://tamarindbio.com,2025-08-27T16:50:38.202623Z,2025-08-27T16:50:38.202624Z
c74840e5-74ae-43c2-bbac-a841e867c301,Habi,Technology,Machine Learning,AI company focused on Machine Learning in the Technology industry.,1000,Established,Series A,2020,"San Francisco, CA, USA",https://habi.com,2025-08-27T16:50:38.202852Z,2025-08-27T16:50:38.202853Z
abdd42b9-efc8-4e68-a906-976cf2855198,Vinsys Information Technology Inc,Technology,Machine Learning,AI company focused on Machine Learning in the Technology industry.,1000,Established,Series A,2020,"San Francisco, CA, USA",https://vinsysinformationtechnologyinc.com,2025-08-27T16:50:38.202926Z,2025-08-27T16:50:38.202927Z
6c531e54-d8e4-446d-982f-6e2274f58909,AB InBev GCC India,Technology,Machine Learning,AI company focused on Machine Learning in the Technology industry.,1000,Established,Series A,2020,"San Francisco, CA, USA",https://abinbevgccindia.com,2025-08-27T16:50:38.202981Z,2025-08-27T16:50:38.202982Z
00e80340-1f2d-4460-9ea3-d7c2235feebc,Snowrelic Inc,Technology,Machine Learning,AI company focused on Machine Learning in the Technology industry.,1000,Established,Series A,2020,"San Francisco, CA, USA",https://snowrelicinc.com,2025-08-27T16:50:38.203131Z,2025-08-27T16:50:38.203132Z
d7f0d164-37df-4a53-a8a1-d8b0e6f19b41,Skild AI,Technology,Machine Learning,AI company focused on Machine Learning in the Technology industry.,1000,Established,Series A,2020,"San Francisco, CA, USA",https://skildai.com,2025-08-27T16:50:38.203207Z,2025-08-27T16:50:38.203208Z
45353ae9-5923-45d5-a4f9-36e32b9f4943,OpenText,Technology,Machine Learning,AI company focused on Machine Learning in the Technology industry.,1000,Established,Series A,2020,"San Francisco, CA, USA",https://opentext.com,2025-08-27T16:50:38.203271Z,2025-08-27T16:50:38.203272Z
994e5129-0864-46c9-96d3-170b65195e6e,Fathom,Technology,Machine Learning,AI company focused on Machine Learning in the Technology industry.,1000,Established,Series A,2020,"San Francisco, CA, USA",https://fathom.com,2025-08-27T16:50:38.203370Z,2025-08-27T16:50:38.203371Z
c008de37-cabd-47f4-bbdb-e6750a2ad3d4,BOS Innovations Inc.,Technology,Machine Learning,AI company focused on Machine Learning in the Technology industry.,1000,Established,Series A,2020,"San Francisco, CA, USA",https://bosinnovationsinc..com,2025-08-27T16:50:38.203433Z,2025-08-27T16:50:38.203434Z
082224dd-0731-4f2f-8880-9581c837125e,MLabs,Technology,Machine Learning,AI company focused on Machine Learning in the Technology industry.,1000,Established,Series A,2020,"San Francisco, CA, USA",https://mlabs.com,2025-08-27T16:50:38.203492Z,2025-08-27T16:50:38.203492Z
bda69861-c8a1-40b7-a37e-51a7f9690626,mediaire,Technology,Machine Learning,AI company focused on Machine Learning in the Technology industry.,1000,Established,Series A,2020,"San Francisco, CA, USA",https://mediaire.com,2025-08-27T16:50:38.203619Z,2025-08-27T16:50:38.203619Z
bf94410f-afd6-45f0-814c-9a9727a26062,Concentrix,Technology,Machine Learning,AI company focused on Machine Learning in the Technology industry.,1000,Established,Series A,2020,"San Francisco, CA, USA",https://concentrix.com,2025-08-27T16:50:38.203709Z,2025-08-27T16:50:38.203710Z
099181ed-7d32-4dda-a01d-31e4a6e9e7bd,"Observe, Inc.",Technology,Machine Learning,AI company focused on Machine Learning in the Technology industry.,1000,Established,Series A,2020,"San Francisco, CA, USA","https://observe,inc..com",2025-08-27T16:50:38.203809Z,2025-08-27T16:50:38.203809Z
3a8ad0b4-ef2e-438a-bd60-179e3cfd131c,Intuit,Technology,Machine Learning,AI company focused on Machine Learning in the Technology industry.,1000,Established,Series A,2020,"San Francisco, CA, USA",https://intuit.com,2025-08-27T16:50:38.203892Z,2025-08-27T16:50:38.203892Z
b7a7731d-6e78-4c44-a083-a8cadde13c42,Instawork,Technology,Machine Learning,AI company focused on Machine Learning in the Technology industry.,1000,Established,Series A,2020,"San Francisco, CA, USA",https://instawork.com,2025-08-27T16:50:38.204012Z,2025-08-27T16:50:38.204013Z
a740938c-8a9f-4fd8-8d7c-685a97adefaf,Intellect Group,Technology,Machine Learning,AI company focused on Machine Learning in the Technology industry.,1000,Established,Series A,2020,"San Francisco, CA, USA",https://intellectgroup.com,2025-08-27T16:50:38.204129Z,2025-08-27T16:50:38.204130Z
06dccc80-6eff-4d2e-80f7-39b4fd90cb1f,Tower Research Capital,Technology,Machine Learning,AI company focused on Machine Learning in the Technology industry.,1000,Established,Series A,2020,"San Francisco, CA, USA",https://towerresearchcapital.com,2025-08-27T16:50:38.204221Z,2025-08-27T16:50:38.204222Z
3bd4420a-a977-4e7f-9ec6-9f14f5498353,Cresta,Technology,Machine Learning,AI company focused on Machine Learning in the Technology industry.,1000,Established,Series A,2020,"San Francisco, CA, USA",https://cresta.com,2025-08-27T16:50:38.204314Z,2025-08-27T16:50:38.204314Z
d54e8df4-e47c-40b9-84b5-e3f6ac2f5c46,Aptos Retail,Technology,Machine Learning,AI company focused on Machine Learning in the Technology industry.,1000,Established,Series A,2020,"San Francisco, CA, USA",https://aptosretail.com,2025-08-27T16:50:38.204384Z,2025-08-27T16:50:38.204385Z
ee0f689b-36df-45b7-9391-b8d571c833ab,Axiom World,Technology,Machine Learning,AI company focused on Machine Learning in the Technology industry.,1000,Established,Series A,2020,"San Francisco, CA, USA",https://axiomworld.com,2025-08-27T16:50:38.204490Z,2025-08-27T16:50:38.204491Z
5f405365-d0ee-4431-92cb-176231b1f469,Tamarind Bio,Technology,Machine Learning,AI company focused on Machine Learning in the Technology industry.,1000,Established,Series A,2020,"San Francisco, CA, USA",https://tamarindbio.com,2025-08-27T16:50:38.204559Z,2025-08-27T16:50:38.204560Z
3f2c936e-bc99-40e4-937a-95a97ea662bd,Roku,Technology,Machine Learning,AI company focused on Machine Learning in the Technology industry.,1000,Established,Series A,2020,"San Francisco, CA, USA",https://roku.com,2025-08-27T16:50:38.204654Z,2025-08-27T16:50:38.204655Z
83cbde55-00c4-4ec0-b457-09d03d94add6,Vinsys Information Technology Inc,Technology,Machine Learning,AI company focused on Machine Learning in the Technology industry.,1000,Established,Series A,2020,"San Francisco, CA, USA",https://vinsysinformationtechnologyinc.com,2025-08-27T16:50:38.204749Z,2025-08-27T16:50:38.204750Z
c5b5c182-cb06-4ef1-aa3b-284959c6a69d,Snowrelic Inc,Technology,Machine Learning,AI company focused on Machine Learning in the Technology industry.,1000,Established,Series A,2020,"San Francisco, CA, USA",https://snowrelicinc.com,2025-08-27T16:50:38.204802Z,2025-08-27T16:50:38.204803Z
84d79ec0-9640-4b58-ade7-d3787f274955,Skild AI,Technology,Machine Learning,AI company focused on Machine Learning in the Technology industry.,1000,Established,Series A,2020,"San Francisco, CA, USA",https://skildai.com,2025-08-27T16:50:38.204855Z,2025-08-27T16:50:38.204855Z
57d1008e-a345-42ba-a0cc-a1e9831f793f,Aptos Retail,Technology,Machine Learning,AI company focused on Machine Learning in the Technology industry.,1000,Established,Series A,2020,"San Francisco, CA, USA",https://aptosretail.com,2025-08-27T16:50:38.204910Z,2025-08-27T16:50:38.204910Z
459dc590-f71e-438f-b172-0e542214fab6,MLabs,Technology,Machine Learning,AI company focused on Machine Learning in the Technology industry.,1000,Established,Series A,2020,"San Francisco, CA, USA",https://mlabs.com,2025-08-27T16:50:38.204974Z,2025-08-27T16:50:38.204975Z
8f341374-b4ad-4f41-828f-e4e3e7cbf3bb,Intuit,Technology,Machine Learning,AI company focused on Machine Learning in the Technology industry.,1000,Established,Series A,2020,"San Francisco, CA, USA",https://intuit.com,2025-08-27T16:50:38.205060Z,2025-08-27T16:50:38.205061Z
0abbad9d-0d9d-479b-ae70-43ced6152fa2,Instawork,Technology,Machine Learning,AI company focused on Machine Learning in the Technology industry.,1000,Established,Series A,2020,"San Francisco, CA, USA",https://instawork.com,2025-08-27T16:50:38.205169Z,2025-08-27T16:50:38.205170Z
77ed726c-6f66-47c8-b689-2ba667da44c4,N1 Health,Technology,Machine Learning,AI company focused on Machine Learning in the Technology industry.,1000,Established,Series A,2020,"San Francisco, CA, USA",https://n1health.com,2025-08-27T16:50:38.205274Z,2025-08-27T16:50:38.205275Z
79f0db11-dbef-409e-a844-37ac9b2450aa,Spotify,Technology,Machine Learning,AI company focused on Machine Learning in the Technology industry.,1000,Established,Series A,2020,"San Francisco, CA, USA",https://spotify.com,2025-08-27T16:50:38.205386Z,2025-08-27T16:50:38.205387Z
856db345-f1b8-46ea-baa5-5bcd33d7b3d1,Qualtrics,Technology,Machine Learning,AI company focused on Machine Learning in the Technology industry.,1000,Established,Series A,2020,"San Francisco, CA, USA",https://qualtrics.com,2025-08-27T16:50:38.205506Z,2025-08-27T16:50:38.205507Z
1eb138c8-771e-495e-b427-dc11a14f8d6e,Q-Centrix,Technology,Machine Learning,AI company focused on Machine Learning in the Technology industry.,1000,Established,Series A,2020,"San Francisco, CA, USA",https://q-centrix.com,2025-08-27T16:50:38.205610Z,2025-08-27T16:50:38.205610Z
ab74b191-f136-47ee-91ba-35a9d87810d2,TikTok,Technology,Machine Learning,AI company focused on Machine Learning in the Technology industry.,1000,Established,Series A,2020,"San Francisco, CA, USA",https://tiktok.com,2025-08-27T16:50:38.205734Z,2025-08-27T16:50:38.205735Z
a30038cb-0bcc-4fba-9209-23945969bfae,SproutsAI,Technology,Machine Learning,AI company focused on Machine Learning in the Technology industry.,1000,Established,Series A,2020,"San Francisco, CA, USA",https://sproutsai.com,2025-08-27T16:50:38.205825Z,2025-08-27T16:50:38.205825Z
0a8574a8-79f8-4d82-bea7-86e774c60c4c,Brain Co.,Technology,Machine Learning,AI company focused on Machine Learning in the Technology industry.,1000,Established,Series A,2020,"San Francisco, CA, USA",https://brainco..com,2025-08-27T16:50:38.205925Z,2025-08-27T16:50:38.205926Z
9ee4369b-7da4-441d-b10d-3277d96fbea6,Uber,Technology,Machine Learning,AI company focused on Machine Learning in the Technology industry.,1000,Established,Series A,2020,"San Francisco, CA, USA",https://uber.com,2025-08-27T16:50:38.205985Z,2025-08-27T16:50:38.205985Z
d73e019d-3258-410d-97cb-9fbb7957af82,Ramp,Technology,Machine Learning,AI company focused on Machine Learning in the Technology industry.,1000,Established,Series A,2020,"San Francisco, CA, USA",https://ramp.com,2025-08-27T16:50:38.206062Z,2025-08-27T16:50:38.206063Z
7f69fbea-7c1a-461a-a236-4fd2b9f6c05f,Weedmaps,Technology,Machine Learning,AI company focused on Machine Learning in the Technology industry.,1000,Established,Series A,2020,"San Francisco, CA, USA",https://weedmaps.com,2025-08-27T16:50:38.206158Z,2025-08-27T16:50:38.206159Z
61a798f8-bbca-419d-a770-28c5c3c2cb5c,EPM Scientific,Technology,Machine Learning,AI company focused on Machine Learning in the Technology industry.,1000,Established,Series A,2020,"San Francisco, CA, USA",https://epmscientific.com,2025-08-27T16:50:38.206270Z,2025-08-27T16:50:38.206271Z
5c4bfc69-68cf-4bcb-9578-d83ce50ea82f,Capgemini,Technology,Machine Learning,AI company focused on Machine Learning in the Technology industry.,1000,Established,Series A,2020,"San Francisco, CA, USA",https://capgemini.com,2025-08-27T16:50:38.206354Z,2025-08-27T16:50:38.206355Z
237a77ef-ea90-4ad8-9d2d-c537af6e7850,Weave,Technology,Machine Learning,AI company focused on Machine Learning in the Technology industry.,1000,Established,Series A,2020,"San Francisco, CA, USA",https://weave.com,2025-08-27T16:50:38.206457Z,2025-08-27T16:50:38.206457Z
fed767ee-b8e3-487c-be62-688755404f8d,Upstart,Technology,Machine Learning,AI company focused on Machine Learning in the Technology industry.,1000,Established,Series A,2020,"San Francisco, CA, USA",https://upstart.com,2025-08-27T16:50:38.206530Z,2025-08-27T16:50:38.206530Z
9c21778c-d68a-464c-a56c-7889bbbdd036,Scale AI,Technology,Machine Learning,AI company focused on Machine Learning in the Technology industry.,1000,Established,Series A,2020,"San Francisco, CA, USA",https://scaleai.com,2025-08-27T16:50:38.206628Z,2025-08-27T16:50:38.206629Z
6db103cd-80ea-4188-90e5-079320fd1542,Alelo Brasil,Technology,Machine Learning,AI company focused on Machine Learning in the Technology industry.,1000,Established,Series A,2020,"San Francisco, CA, USA",https://alelobrasil.com,2025-08-27T16:50:38.206723Z,2025-08-27T16:50:38.206723Z
e94ab334-e82b-4733-bde5-2c873fc17b06,hackajob,Technology,Machine Learning,AI company focused on Machine Learning in the Technology industry.,1000,Established,Series A,2020,"San Francisco, CA, USA",https://hackajob.com,2025-08-27T16:50:38.206807Z,2025-08-27T16:50:38.206807Z
8ef3747a-2c17-41f4-87fd-e7dd20b51a78,"Lowe's Companies, Inc.",Technology,Machine Learning,AI company focused on Machine Learning in the Technology industry.,1000,Established,Series A,2020,"San Francisco, CA, USA","https://lowe'scompanies,inc..com",2025-08-27T16:50:38.206893Z,2025-08-27T16:50:38.206894Z
1eeb9c38-9b6c-4690-9c94-d12367bab22b,Banco Bradesco,Technology,Machine Learning,AI company focused on Machine Learning in the Technology industry.,1000,Established,Series A,2020,"San Francisco, CA, USA",https://bancobradesco.com,2025-08-27T16:50:38.206997Z,2025-08-27T16:50:38.206997Z
3e8f4c86-fcc8-436f-b76b-882e4bcd2a2b,"Lowe's Companies, Inc.",Technology,Machine Learning,AI company focused on Machine Learning in the Technology industry.,1000,Established,Series A,2020,"San Francisco, CA, USA","https://lowe'scompanies,inc..com",2025-08-27T16:50:38.207082Z,2025-08-27T16:50:38.207083Z
69dac0c2-6345-42e7-8628-3e3f9e9b5f8d,Infosys,Technology,Machine Learning,AI company focused on Machine Learning in the Technology industry.,1000,Established,Series A,2020,"San Francisco, CA, USA",https://infosys.com,2025-08-27T16:50:38.207191Z,2025-08-27T16:50:38.207193Z
54426290-193e-4750-bebd-7e4873721f9f,Tamarind Bio,Technology,Machine Learning,AI company focused on Machine Learning in the Technology industry.,1000,Established,Series A,2020,"San Francisco, CA, USA",https://tamarindbio.com,2025-08-27T16:50:38.207303Z,2025-08-27T16:50:38.207304Z
0b741d85-60e6-46ce-b659-f9a66eaf4389,AB InBev GCC India,Technology,Machine Learning,AI company focused on Machine Learning in the Technology industry.,1000,Established,Series A,2020,"San Francisco, CA, USA",https://abinbevgccindia.com,2025-08-27T16:50:38.207426Z,2025-08-27T16:50:38.207427Z
710223a6-7c50-49cc-a519-89909eae7c8d,Infosys,Technology,Machine Learning,AI company focused on Machine Learning in the Technology industry.,1000,Established,Series A,2020,"San Francisco, CA, USA",https://infosys.com,2025-08-27T16:50:38.207524Z,2025-08-27T16:50:38.207525Z
c179f953-dede-44f4-bd90-0511d9ed1956,AB InBev GCC India,Technology,Machine Learning,AI company focused on Machine Learning in the Technology industry.,1000,Established,Series A,2020,"San Francisco, CA, USA",https://abinbevgccindia.com,2025-08-27T16:50:38.207576Z,2025-08-27T16:50:38.207576Z
c90eeae6-2912-4593-9bd7-6c0a185cb97f,State of North Carolina,Technology,Machine Learning,AI company focused on Machine Learning in the Technology industry.,1000,Established,Series A,2020,"San Francisco, CA, USA",https://stateofnorthcarolina.com,2025-08-27T16:50:38.207671Z,2025-08-27T16:50:38.207672Z
5946ed20-2a15-493d-b832-6699659e69bc,Airtel Digital,Technology,Machine Learning,AI company focused on Machine Learning in the Technology industry.,1000,Established,Series A,2020,"San Francisco, CA, USA",https://airteldigital.com,2025-08-27T16:50:38.207788Z,2025-08-27T16:50:38.207789Z
f0bc86cc-0db1-4218-a8f5-ef2562ce5d2a,Societe Generale Global Solution Centre,Technology,Machine Learning,AI company focused on Machine Learning in the Technology industry.,1000,Established,Series A,2020,"San Francisco, CA, USA",https://societegeneraleglobalsolutioncentre.com,2025-08-27T16:50:38.207845Z,2025-08-27T16:50:38.207846Z
0412622d-8f0d-4828-91ee-fdad11446d71,Concentrix,Technology,Machine Learning,AI company focused on Machine Learning in the Technology industry.,1000,Established,Series A,2020,"San Francisco, CA, USA",https://concentrix.com,2025-08-27T16:50:38.207932Z,2025-08-27T16:50:38.207933Z
aeecfa63-f8c4-4640-98b7-60f82bf205cc,SproutsAI,Technology,Machine Learning,AI company focused on Machine Learning in the Technology industry.,1000,Established,Series A,2020,"San Francisco, CA, USA",https://sproutsai.com,2025-08-27T16:50:38.208030Z,2025-08-27T16:50:38.208031Z
882aa672-e877-4cc4-9edd-0df909bfe63b,Notion,Technology,Machine Learning,AI company focused on Machine Learning in the Technology industry.,1000,Established,Series A,2020,"San Francisco, CA, USA",https://notion.com,2025-08-27T16:50:38.208143Z,2025-08-27T16:50:38.208144Z
16d277c8-a0d3-47e3-8760-feab8f21d31f,Spotify,Technology,Machine Learning,AI company focused on Machine Learning in the Technology industry.,1000,Established,Series A,2020,"San Francisco, CA, USA",https://spotify.com,2025-08-27T16:50:38.208229Z,2025-08-27T16:50:38.208230Z
84cf0daa-0629-46ca-898f-cffc6b8f1c4d,eBay,Technology,Machine Learning,AI company focused on Machine Learning in the Technology industry.,1000,Established,Series A,2020,"San Francisco, CA, USA",https://ebay.com,2025-08-27T16:50:38.208354Z,2025-08-27T16:50:38.208355Z
0926226c-29bb-46c9-b82f-ea2b6557e121,eBay,Technology,Machine Learning,AI company focused on Machine Learning in the Technology industry.,1000,Established,Series A,2020,"San Francisco, CA, USA",https://ebay.com,2025-08-27T16:50:38.208451Z,2025-08-27T16:50:38.208452Z
b0318c94-1d9a-4f0a-91c9-5da9abc31c51,IndusInd Bank,Technology,Machine Learning,AI company focused on Machine Learning in the Technology industry.,1000,Established,Series A,2020,"San Francisco, CA, USA",https://indusindbank.com,2025-08-27T16:50:38.208540Z,2025-08-27T16:50:38.208541Z
12a6d8e3-7c23-4ad3-884a-feecf26f7e29,Abnormal AI,Technology,Machine Learning,AI company focused on Machine Learning in the Technology industry.,1000,Established,Series A,2020,"San Francisco, CA, USA",https://abnormalai.com,2025-08-27T16:50:38.208626Z,2025-08-27T16:50:38.208627Z
358d9dfe-54e9-46ec-b0f4-11e1c0e6baca,Schaeffler,Technology,Machine Learning,AI company focused on Machine Learning in the Technology industry.,1000,Established,Series A,2020,"San Francisco, CA, USA",https://schaeffler.com,2025-08-27T16:50:38.208714Z,2025-08-27T16:50:38.208715Z
09703a1b-462e-44e7-b32b-92231d3a594e,PhonePe,Technology,Machine Learning,AI company focused on Machine Learning in the Technology industry.,1000,Established,Series A,2020,"San Francisco, CA, USA",https://phonepe.com,2025-08-27T16:50:38.208782Z,2025-08-27T16:50:38.208783Z
0dc6ca21-38b1-4273-a8ca-eb520721d1a5,"Observe, Inc.",Technology,Machine Learning,AI company focused on Machine Learning in the Technology industry.,1000,Established,Series A,2020,"San Francisco, CA, USA","https://observe,inc..com",2025-08-27T16:50:38.208884Z,2025-08-27T16:50:38.208884Z
ea8c642c-8d5e-450d-9650-862cf3449dc1,Roku,Technology,Machine Learning,AI company focused on Machine Learning in the Technology industry.,1000,Established,Series A,2020,"San Francisco, CA, USA",https://roku.com,2025-08-27T16:50:38.208967Z,2025-08-27T16:50:38.208967Z
64321633-7612-48dc-badc-f024c9dbc3d0,Banco Bradesco,Technology,Machine Learning,AI company focused on Machine Learning in the Technology industry.,1000,Established,Series A,2020,"San Francisco, CA, USA",https://bancobradesco.com,2025-08-27T16:50:38.209040Z,2025-08-27T16:50:38.209041Z
43682bb9-787e-4c53-9c52-956ddf267a93,Notion,Technology,Machine Learning,AI company focused on Machine Learning in the Technology industry.,1000,Established,Series A,2020,"San Francisco, CA, USA",https://notion.com,2025-08-27T16:50:38.209125Z,2025-08-27T16:50:38.209126Z
06ef85a6-ee44-4bc5-bf78-e0d871e37471,Kikwetu Foundation,Technology,Machine Learning,AI company focused on Machine Learning in the Technology industry.,1000,Established,Series A,2020,"San Francisco, CA, USA",https://kikwetufoundation.com,2025-08-27T16:50:38.209211Z,2025-08-27T16:50:38.209212Z
237a5a46-6de1-461e-b666-60cc084a7fa8,Abu Dhabi Department of Economic Development,Technology,Machine Learning,AI company focused on Machine Learning in the Technology industry.,1000,Established,Series A,2020,"San Francisco, CA, USA",https://abudhabidepartmentofeconomicdevelopment.com,2025-08-27T16:50:38.209309Z,2025-08-27T16:50:38.209310Z
f8892656-ecdc-43d4-8908-54bb353c3627,Globo,Technology,Machine Learning,AI company focused on Machine Learning in the Technology industry.,1000,Established,Series A,2020,"San Francisco, CA, USA",https://globo.com,2025-08-27T16:50:38.209387Z,2025-08-27T16:50:38.209387Z
56df1c4a-de9e-4bd2-a576-8a9dc236a14b,Airtel Digital,Technology,Machine Learning,AI company focused on Machine Learning in the Technology industry.,1000,Established,Series A,2020,"San Francisco, CA, USA",https://airteldigital.com,2025-08-27T16:50:38.209493Z,2025-08-27T16:50:38.209493Z
3e511074-6efb-496c-98c6-9d69d5f63873,StreetID,Technology,Machine Learning,AI company focused on Machine Learning in the Technology industry.,1000,Established,Series A,2020,"San Francisco, CA, USA",https://streetid.com,2025-08-27T16:50:38.209548Z,2025-08-27T16:50:38.209549Z
65efa727-dbdd-4333-8e11-8da01edb42ef,PhonePe,Technology,Machine Learning,AI company focused on Machine Learning in the Technology industry.,1000,Established,Series A,2020,"San Francisco, CA, USA",https://phonepe.com,2025-08-27T16:50:38.209628Z,2025-08-27T16:50:38.209629Z
b10a8d32-5e09-41ae-ba6d-09fbc0c8e4d1,Banco Bradesco,Technology,Machine Learning,AI company focused on Machine Learning in the Technology industry.,1000,Established,Series A,2020,"San Francisco, CA, USA",https://bancobradesco.com,2025-08-27T16:50:38.209723Z,2025-08-27T16:50:38.209723Z
40521ea3-dba3-4ead-aef0-31383e2e3e73,LatentView Analytics,Technology,Machine Learning,AI company focused on Machine Learning in the Technology industry.,1000,Established,Series A,2020,"San Francisco, CA, USA",https://latentviewanalytics.com,2025-08-27T16:50:38.209808Z,2025-08-27T16:50:38.209809Z
a391acd7-8aa2-4860-ae37-233bf174a1dd,Gauss & Neumann,Technology,Machine Learning,AI company focused on Machine Learning in the Technology industry.,1000,Established,Series A,2020,"San Francisco, CA, USA",https://gauss&neumann.com,2025-08-27T16:50:38.209878Z,2025-08-27T16:50:38.209879Z
b2b0bd0b-f4b8-4a82-bc5d-02c4e90275e9,Zest AI,Technology,Machine Learning,AI company focused on Machine Learning in the Technology industry.,1000,Established,Series A,2020,"San Francisco, CA, USA",https://zestai.com,2025-08-27T16:50:38.209949Z,2025-08-27T16:50:38.209950Z
9cc950b2-6d7c-448b-b409-2906b07a5c04,SEGULA Technologies,Technology,Machine Learning,AI company focused on Machine Learning in the Technology industry.,1000,Established,Series A,2020,"San Francisco, CA, USA",https://segulatechnologies.com,2025-08-27T16:50:38.210041Z,2025-08-27T16:50:38.210042Z
939448c5-6962-4b56-8c79-2ac5f5ab8143,Cresta,Technology,Machine Learning,AI company focused on Machine Learning in the Technology industry.,1000,Established,Series A,2020,"San Francisco, CA, USA",https://cresta.com,2025-08-27T16:50:38.210655Z,2025-08-27T16:50:38.210656Z
e1cc893a-0f6e-4c05-a2ca-00e51e70d1d6,Quikr,Technology,Machine Learning,AI company focused on Machine Learning in the Technology industry.,1000,Established,Series A,2020,"San Francisco, CA, USA",https://quikr.com,2025-08-27T16:50:38.210749Z,2025-08-27T16:50:38.210750Z
a692ca90-1e1c-4e32-afc3-70364b6335ec,Intellect Group,Technology,Machine Learning,AI company focused on Machine Learning in the Technology industry.,1000,Established,Series A,2020,"San Francisco, CA, USA",https://intellectgroup.com,2025-08-27T16:50:38.210835Z,2025-08-27T16:50:38.210836Z
21f3dfc7-57c2-4ff8-a892-054b3e66a51d,Grand Technology,Technology,Machine Learning,AI company focused on Machine Learning in the Technology industry.,1000,Established,Series A,2020,"San Francisco, CA, USA",https://grandtechnology.com,2025-08-27T16:50:38.211124Z,2025-08-27T16:50:38.211126Z
33a9fde9-aad9-4ee1-9122-60f9498ead93,Prima,Technology,Machine Learning,AI company focused on Machine Learning in the Technology industry.,1000,Established,Series A,2020,"San Francisco, CA, USA",https://prima.com,2025-08-27T16:50:38.211223Z,2025-08-27T16:50:38.211224Z
4cd6e5b9-6012-482b-92cd-8ae3e61b615e,GoTo Group,Technology,Machine Learning,AI company focused on Machine Learning in the Technology industry.,1000,Established,Series A,2020,"San Francisco, CA, USA",https://gotogroup.com,2025-08-27T16:50:38.211366Z,2025-08-27T16:50:38.211366Z
e19d8ce8-328e-46ec-905e-503f36ee9e05,Delart,Technology,Machine Learning,AI company focused on Machine Learning in the Technology industry.,1000,Established,Series A,2020,"San Francisco, CA, USA",https://delart.com,2025-08-27T16:50:38.211500Z,2025-08-27T16:50:38.211500Z
4dfa1e48-1efb-4d10-b147-559ce8c5102f,Infosys,Technology,Machine Learning,AI company focused on Machine Learning in the Technology industry.,1000,Established,Series A,2020,"San Francisco, CA, USA",https://infosys.com,2025-08-27T16:50:38.211559Z,2025-08-27T16:50:38.211560Z
390a921b-a656-44b6-bb4b-e69ef11909e2,Standard Motor Products,Technology,Machine Learning,AI company focused on Machine Learning in the Technology industry.,1000,Established,Series A,2020,"San Francisco, CA, USA",https://standardmotorproducts.com,2025-08-27T16:50:38.211610Z,2025-08-27T16:50:38.211610Z
9547385a-50c9-43b3-b0f8-a9b8acdaaf88,ID.me,Technology,Machine Learning,AI company focused on Machine Learning in the Technology industry.,1000,Established,Series A,2020,"San Francisco, CA, USA",https://id.me.com,2025-08-27T16:50:38.211818Z,2025-08-27T16:50:38.211825Z
5963d214-342d-4cc5-b7f6-0d21ddf0ccb3,Cashfree Payments,Technology,Machine Learning,AI company focused on Machine Learning in the Technology industry.,1000,Established,Series A,2020,"San Francisco, CA, USA",https://cashfreepayments.com,2025-08-27T16:50:38.212081Z,2025-08-27T16:50:38.212082Z
5e6b0ec0-5164-486a-8b83-d8c04fac8f86,HCLTech,Technology,Machine Learning,AI company focused on Machine Learning in the Technology industry.,1000,Established,Series A,2020,"San Francisco, CA, USA",https://hcltech.com,2025-08-27T16:50:38.212163Z,2025-08-27T16:50:38.212164Z
701830f1-0240-47f8-bc5e-54c4d4e06a1d,Axiom World,Technology,Machine Learning,AI company focused on Machine Learning in the Technology industry.,1000,Established,Series A,2020,"San Francisco, CA, USA",https://axiomworld.com,2025-08-27T16:50:38.212230Z,2025-08-27T16:50:38.212231Z
670b02a0-25ae-49a4-8ec6-391bed07c36a,Notion,Technology,Machine Learning,AI company focused on Machine Learning in the Technology industry.,1000,Established,Series A,2020,"San Francisco, CA, USA",https://notion.com,2025-08-27T16:50:38.212308Z,2025-08-27T16:50:38.212309Z
578ee71f-5f84-4475-aee9-744712bf8fb9,"Lowe's Companies, Inc.",Technology,Machine Learning,AI company focused on Machine Learning in the Technology industry.,1000,Established,Series A,2020,"San Francisco, CA, USA","https://lowe'scompanies,inc..com",2025-08-27T16:50:38.212407Z,2025-08-27T16:50:38.212408Z
761b6f24-81cd-470f-8edd-96930d8ac5e8,StreetID,Technology,Machine Learning,AI company focused on Machine Learning in the Technology industry.,1000,Established,Series A,2020,"San Francisco, CA, USA",https://streetid.com,2025-08-27T16:50:38.212535Z,2025-08-27T16:50:38.212537Z
d952322f-3bb4-4101-903f-307d50fee96f,"Lowe's Companies, Inc.",Technology,Machine Learning,AI company focused on Machine Learning in the Technology industry.,1000,Established,Series A,2020,"San Francisco, CA, USA","https://lowe'scompanies,inc..com",2025-08-27T16:50:38.212641Z,2025-08-27T16:50:38.212642Z
cc668cab-3e00-41bc-8126-a86ac8da2933,Elder Research,Technology,Machine Learning,AI company focused on Machine Learning in the Technology industry.,1000,Established,Series A,2020,"San Francisco, CA, USA",https://elderresearch.com,2025-08-27T16:50:38.212723Z,2025-08-27T16:50:38.212723Z
0f59d23e-5145-40bd-bbc0-664935ae337e,Zest AI,Technology,Machine Learning,AI company focused on Machine Learning in the Technology industry.,1000,Established,Series A,2020,"San Francisco, CA, USA",https://zestai.com,2025-08-27T16:50:38.212813Z,2025-08-27T16:50:38.212814Z
16efa02b-2821-47dd-a36d-b8f7fb15efc9,Pace® Labs,Technology,Machine Learning,AI company focused on Machine Learning in the Technology industry.,1000,Established,Series A,2020,"San Francisco, CA, USA",https://pace®labs.com,2025-08-27T16:50:38.212886Z,2025-08-27T16:50:38.212887Z
04321e4f-0632-4678-a38c-601df5ade561,Standard Motor Products,Technology,Machine Learning,AI company focused on Machine Learning in the Technology industry.,1000,Established,Series A,2020,"San Francisco, CA, USA",https://standardmotorproducts.com,2025-08-27T16:50:38.212960Z,2025-08-27T16:50:38.212961Z
8e211e14-31e2-4e1c-ae16-8137ab68b03f,ID.me,Technology,Machine Learning,AI company focused on Machine Learning in the Technology industry.,1000,Established,Series A,2020,"San Francisco, CA, USA",https://id.me.com,2025-08-27T16:50:38.213121Z,2025-08-27T16:50:38.213122Z
a8028e60-3386-43a5-b324-fc3e5ed35ec8,M Science,Technology,Machine Learning,AI company focused on Machine Learning in the Technology industry.,1000,Established,Series A,2020,"San Francisco, CA, USA",https://mscience.com,2025-08-27T16:50:38.213262Z,2025-08-27T16:50:38.213263Z
6e9f947b-917b-49c1-9f0c-a1c40c6817b5,"Take2 Consulting, LLC",Technology,Machine Learning,AI company focused on Machine Learning in the Technology industry.,1000,Established,Series A,2020,"San Francisco, CA, USA","https://take2consulting,llc.com",2025-08-27T16:50:38.213339Z,2025-08-27T16:50:38.213340Z
15534686-501c-4f54-bcee-5bdc9ca33d79,Flexon Technologies Inc.,Technology,Machine Learning,AI company focused on Machine Learning in the Technology industry.,1000,Established,Series A,2020,"San Francisco, CA, USA",https://flexontechnologiesinc..com,2025-08-27T16:50:38.213437Z,2025-08-27T16:50:38.213438Z
af05df4a-ba4d-4801-aa8e-2112d9e527b2,hackajob,Technology,Machine Learning,AI company focused on Machine Learning in the Technology industry.,1000,Established,Series A,2020,"San Francisco, CA, USA",https://hackajob.com,2025-08-27T16:50:38.213524Z,2025-08-27T16:50:38.213525Z
812d0780-c451-4799-ab3e-fd953e66c9f1,Databricks,Technology,Machine Learning,AI company focused on Machine Learning in the Technology industry.,1000,Established,Series A,2020,"San Francisco, CA, USA",https://databricks.com,2025-08-27T16:50:38.213626Z,2025-08-27T16:50:38.213627Z
f6d16a0c-f06b-4a62-88aa-c1484e661d33,Vinsys Information Technology Inc,Technology,Machine Learning,AI company focused on Machine Learning in the Technology industry.,1000,Established,Series A,2020,"San Francisco, CA, USA",https://vinsysinformationtechnologyinc.com,2025-08-27T16:50:38.213738Z,2025-08-27T16:50:38.213739Z
6b4a672c-5c3f-4690-9a8b-cd82221042a7,SES Corporation,Technology,Machine Learning,AI company focused on Machine Learning in the Technology industry.,1000,Established,Series A,2020,"San Francisco, CA, USA",https://sescorporation.com,2025-08-27T16:50:38.213804Z,2025-08-27T16:50:38.213804Z
0c16a8c4-1484-4c31-a6d5-d465827fec35,Magnite,Technology,Machine Learning,AI company focused on Machine Learning in the Technology industry.,1000,Established,Series A,2020,"San Francisco, CA, USA",https://magnite.com,2025-08-27T16:50:38.213892Z,2025-08-27T16:50:38.213893Z
3fe686b8-c01d-4f4b-a9a6-bbe2a6badb53,Point72,Technology,Machine Learning,AI company focused on Machine Learning in the Technology industry.,1000,Established,Series A,2020,"San Francisco, CA, USA",https://point72.com,2025-08-27T16:50:38.213995Z,2025-08-27T16:50:38.213996Z
df32794e-a0a4-4e3c-bf0a-3d62127619ff,State of North Carolina,Technology,Machine Learning,AI company focused on Machine Learning in the Technology industry.,1000,Established,Series A,2020,"San Francisco, CA, USA",https://stateofnorthcarolina.com,2025-08-27T16:50:38.214101Z,2025-08-27T16:50:38.214102Z
470d556a-6617-4276-8e72-e5ee47d2f851,Databricks,Technology,Machine Learning,AI company focused on Machine Learning in the Technology industry.,1000,Established,Series A,2020,"San Francisco, CA, USA",https://databricks.com,2025-08-27T16:50:38.214215Z,2025-08-27T16:50:38.214216Z
0f6363d7-fe40-4a34-8a45-4600dec6514b,Robert Half,Technology,Machine Learning,AI company focused on Machine Learning in the Technology industry.,1000,Established,Series A,2020,"San Francisco, CA, USA",https://roberthalf.com,2025-08-27T16:50:38.214332Z,2025-08-27T16:50:38.214333Z
669995a6-3776-4750-a752-cf44eeea1384,BryceTech,Technology,Machine Learning,AI company focused on Machine Learning in the Technology industry.,1000,Established,Series A,2020,"San Francisco, CA, USA",https://brycetech.com,2025-08-27T16:50:38.214447Z,2025-08-27T16:50:38.214447Z
b6fef872-dd7a-487c-a8ae-1e6e6ebb6c23,Snowrelic Inc,Technology,Machine Learning,AI company focused on Machine Learning in the Technology industry.,1000,Established,Series A,2020,"San Francisco, CA, USA",https://snowrelicinc.com,2025-08-27T16:50:38.214536Z,2025-08-27T16:50:38.214537Z
c59315e6-ba6b-4711-aef5-901b7913c106,Roku,Technology,Machine Learning,AI company focused on Machine Learning in the Technology industry.,1000,Established,Series A,2020,"San Francisco, CA, USA",https://roku.com,2025-08-27T16:50:38.214602Z,2025-08-27T16:50:38.214603Z
7c59cbe4-864b-4eda-8c7e-faeec4c7f4c0,Notion,Technology,Machine Learning,AI company focused on Machine Learning in the Technology industry.,1000,Established,Series A,2020,"San Francisco, CA, USA",https://notion.com,2025-08-27T16:50:38.214688Z,2025-08-27T16:50:38.214689Z
420a6aa0-4a02-4919-bb73-8111e86beecd,Notion,Technology,Machine Learning,AI company focused on Machine Learning in the Technology industry.,1000,Established,Series A,2020,"San Francisco, CA, USA",https://notion.com,2025-08-27T16:50:38.214802Z,2025-08-27T16:50:38.214803Z
e51dc9be-2fe6-405e-87a2-d2361a445597,PhonePe,Technology,Machine Learning,AI company focused on Machine Learning in the Technology industry.,1000,Established,Series A,2020,"San Francisco, CA, USA",https://phonepe.com,2025-08-27T16:50:38.215050Z,2025-08-27T16:50:38.215051Z
0b082cac-7894-4ca1-990d-e7bdce41a647,Meril,Technology,Machine Learning,AI company focused on Machine Learning in the Technology industry.,1000,Established,Series A,2020,"San Francisco, CA, USA",https://meril.com,2025-08-27T16:50:38.215160Z,2025-08-27T16:50:38.215161Z
c3e8e388-0726-488b-8d87-3c433edb9ab0,Meril,Technology,Machine Learning,AI company focused on Machine Learning in the Technology industry.,1000,Established,Series A,2020,"San Francisco, CA, USA",https://meril.com,2025-08-27T16:50:38.215247Z,2025-08-27T16:50:38.215248Z
d7506cd1-ccfa-4544-b2ed-d9214ced5daa,NxtWave,Technology,Machine Learning,AI company focused on Machine Learning in the Technology industry.,1000,Established,Series A,2020,"San Francisco, CA, USA",https://nxtwave.com,2025-08-27T16:50:38.215335Z,2025-08-27T16:50:38.215335Z
165adbf6-a23e-4d21-ab4a-87fc970e5ff1,Infosys,Technology,Machine Learning,AI company focused on Machine Learning in the Technology industry.,1000,Established,Series A,2020,"San Francisco, CA, USA",https://infosys.com,2025-08-27T16:50:38.215430Z,2025-08-27T16:50:38.215431Z
79041d96-c9f9-4355-8308-5f98d4adbbe7,Sentry,Technology,Machine Learning,AI company focused on Machine Learning in the Technology industry.,1000,Established,Series A,2020,"San Francisco, CA, USA",https://sentry.com,2025-08-27T16:50:38.215491Z,2025-08-27T16:50:38.215492Z
f02f0552-3acc-435d-8c5d-f3458ef711c8,NxtWave,Technology,Machine Learning,AI company focused on Machine Learning in the Technology industry.,1000,Established,Series A,2020,"San Francisco, CA, USA",https://nxtwave.com,2025-08-27T16:50:38.215603Z,2025-08-27T16:50:38.215604Z
61f86121-1372-480a-b586-f544dc651a93,Checkmarx,Technology,Machine Learning,AI company focused on Machine Learning in the Technology industry.,1000,Established,Series A,2020,"San Francisco, CA, USA",https://checkmarx.com,2025-08-27T16:50:38.215706Z,2025-08-27T16:50:38.215707Z
7c447210-5d80-451a-bd37-334a967c0557,PhonePe,Technology,Machine Learning,AI company focused on Machine Learning in the Technology industry.,1000,Established,Series A,2020,"San Francisco, CA, USA",https://phonepe.com,2025-08-27T16:50:38.215794Z,2025-08-27T16:50:38.215795Z
e841d05a-aedd-40a3-91ed-cb101b65f3cd,Traveloka,Technology,Machine Learning,AI company focused on Machine Learning in the Technology industry.,1000,Established,Series A,2020,"San Francisco, CA, USA",https://traveloka.com,2025-08-27T16:50:38.215895Z,2025-08-27T16:50:38.215896Z
b75469e3-c1f5-456b-8c2a-553a68e09036,Endgame,Technology,Machine Learning,AI company focused on Machine Learning in the Technology industry.,1000,Established,Series A,2020,"San Francisco, CA, USA",https://endgame.com,2025-08-27T16:50:38.215984Z,2025-08-27T16:50:38.215984Z
c1a87ddd-e11b-48a3-a5bf-b4b7b93663c9,PIMCO,Technology,Machine Learning,AI company focused on Machine Learning in the Technology industry.,1000,Established,Series A,2020,"San Francisco, CA, USA",https://pimco.com,2025-08-27T16:50:38.216091Z,2025-08-27T16:50:38.216092Z
206a9185-7bb9-4337-a8f8-179fd52d2e8d,Swiggy,Technology,Machine Learning,AI company focused on Machine Learning in the Technology industry.,1000,Established,Series A,2020,"San Francisco, CA, USA",https://swiggy.com,2025-08-27T16:50:38.216199Z,2025-08-27T16:50:38.216200Z
89a7c268-19c7-4a8b-ad98-56e98164b40f,Google,Technology,Machine Learning,AI company focused on Machine Learning in the Technology industry.,1000,Established,Series A,2020,"San Francisco, CA, USA",https://google.com,2025-08-27T16:50:38.216293Z,2025-08-27T16:50:38.216294Z
c1b35efd-e2f7-4196-82be-6e75259a6385,Checkmarx,Technology,Machine Learning,AI company focused on Machine Learning in the Technology industry.,1000,Established,Series A,2020,"San Francisco, CA, USA",https://checkmarx.com,2025-08-27T16:50:38.216397Z,2025-08-27T16:50:38.216398Z
d716ca18-f3e2-4ed8-9110-f8c7d6655526,Notion,Technology,Machine Learning,AI company focused on Machine Learning in the Technology industry.,1000,Established,Series A,2020,"San Francisco, CA, USA",https://notion.com,2025-08-27T16:50:38.216478Z,2025-08-27T16:50:38.216479Z
ca9f4018-3886-4085-91c3-202a0e24af32,PhonePe,Technology,Machine Learning,AI company focused on Machine Learning in the Technology industry.,1000,Established,Series A,2020,"San Francisco, CA, USA",https://phonepe.com,2025-08-27T16:50:38.216592Z,2025-08-27T16:50:38.216593Z
dc56ec9f-27be-4889-8c5d-4bb19469e255,Meril,Technology,Machine Learning,AI company focused on Machine Learning in the Technology industry.,1000,Established,Series A,2020,"San Francisco, CA, USA",https://meril.com,2025-08-27T16:50:38.216687Z,2025-08-27T16:50:38.216688Z
781e68ea-d5d4-4061-adaa-66ec0f2006b8,Infosys,Technology,Machine Learning,AI company focused on Machine Learning in the Technology industry.,1000,Established,Series A,2020,"San Francisco, CA, USA",https://infosys.com,2025-08-27T16:50:38.216774Z,2025-08-27T16:50:38.216775Z
807f465a-6e02-462c-b1e4-2ceef6f5b9c3,Ramp,Technology,Machine Learning,AI company focused on Machine Learning in the Technology industry.,1000,Established,Series A,2020,"San Francisco, CA, USA",https://ramp.com,2025-08-27T16:50:38.216837Z,2025-08-27T16:50:38.216838Z
3b5eab7a-4097-4c2c-8aae-868aa3dae1bb,Lensa,Technology,Machine Learning,AI company focused on Machine Learning in the Technology industry.,1000,Established,Series A,2020,"San Francisco, CA, USA",https://lensa.com,2025-08-27T16:50:38.216931Z,2025-08-27T16:50:38.216932Z
a066758a-1c51-48b0-b8ad-08e003ce7793,Google,Technology,Machine Learning,AI company focused on Machine Learning in the Technology industry.,1000,Established,Series A,2020,"San Francisco, CA, USA",https://google.com,2025-08-27T16:50:38.216984Z,2025-08-27T16:50:38.216985Z
bdfe9a3b-c4cd-4b7a-9753-eea3bd4440fb,Notion,Technology,Machine Learning,AI company focused on Machine Learning in the Technology industry.,1000,Established,Series A,2020,"San Francisco, CA, USA",https://notion.com,2025-08-27T16:50:38.217086Z,2025-08-27T16:50:38.217086Z
e529531e-ebde-47d5-b9dd-c03bb7e64715,Notion,Technology,Machine Learning,AI company focused on Machine Learning in the Technology industry.,1000,Established,Series A,2020,"San Francisco, CA, USA",https://notion.com,2025-08-27T16:50:38.217201Z,2025-08-27T16:50:38.217202Z
28cf154a-9e84-4dc2-9c62-68d0d6650ff6,Ramp,Technology,Machine Learning,AI company focused on Machine Learning in the Technology industry.,1000,Established,Series A,2020,"San Francisco, CA, USA",https://ramp.com,2025-08-27T16:50:38.217432Z,2025-08-27T16:50:38.217433Z
78d0f5d3-9fa1-4dce-8f30-11f59ada65d9,Morgan Stanley,Technology,Machine Learning,AI company focused on Machine Learning in the Technology industry.,1000,Established,Series A,2020,"San Francisco, CA, USA",https://morganstanley.com,2025-08-27T16:50:38.217522Z,2025-08-27T16:50:38.217523Z
6b8472ac-7723-4633-926f-a051a09d5789,Discord,Technology,Machine Learning,AI company focused on Machine Learning in the Technology industry.,1000,Established,Series A,2020,"San Francisco, CA, USA",https://discord.com,2025-08-27T16:50:38.217632Z,2025-08-27T16:50:38.217633Z
bee5809c-f6b7-4896-8a3a-1bceab3de893,Notion,Technology,Machine Learning,AI company focused on Machine Learning in the Technology industry.,1000,Established,Series A,2020,"San Francisco, CA, USA",https://notion.com,2025-08-27T16:50:38.217723Z,2025-08-27T16:50:38.217724Z
c75f9528-b3cf-4cb3-92f3-bb1d70b449c3,HIFI,Technology,Machine Learning,AI company focused on Machine Learning in the Technology industry.,1000,Established,Series A,2020,"San Francisco, CA, USA",https://hifi.com,2025-08-27T16:50:38.217835Z,2025-08-27T16:50:38.217836Z
6980c32e-71d0-43fe-8d4e-b9f7cc504daa,Notion,Technology,Machine Learning,AI company focused on Machine Learning in the Technology industry.,1000,Established,Series A,2020,"San Francisco, CA, USA",https://notion.com,2025-08-27T16:50:38.217932Z,2025-08-27T16:50:38.217932Z
6b055dd2-d7b5-4d10-86fa-3e6102c672a4,Sentry,Technology,Machine Learning,AI company focused on Machine Learning in the Technology industry.,1000,Established,Series A,2020,"San Francisco, CA, USA",https://sentry.com,2025-08-27T16:50:38.218038Z,2025-08-27T16:50:38.218039Z
32dc27af-a330-44c5-b0eb-3f122ad1b973,Teambridge,Technology,Machine Learning,AI company focused on Machine Learning in the Technology industry.,1000,Established,Series A,2020,"San Francisco, CA, USA",https://teambridge.com,2025-08-27T16:50:38.218139Z,2025-08-27T16:50:38.218140Z
be2bd7dc-4139-45b1-85f4-f04561edc433,EY,Technology,Machine Learning,AI company focused on Machine Learning in the Technology industry.,1000,Established,Series A,2020,"San Francisco, CA, USA",https://ey.com,2025-08-27T16:50:38.218245Z,2025-08-27T16:50:38.218245Z
3a119788-05bf-457b-9dfd-06193c312e24,YouLend,Technology,Machine Learning,AI company focused on Machine Learning in the Technology industry.,1000,Established,Series A,2020,"San Francisco, CA, USA",https://youlend.com,2025-08-27T16:50:38.218311Z,2025-08-27T16:50:38.218312Z
a91416d8-e87f-4715-ba5a-2df99b9b8179,Discord,Technology,Machine Learning,AI company focused on Machine Learning in the Technology industry.,1000,Established,Series A,2020,"San Francisco, CA, USA",https://discord.com,2025-08-27T16:50:38.218395Z,2025-08-27T16:50:38.218396Z
d22d371e-9096-47b6-949c-787179f5598e,Ramp,Technology,Machine Learning,AI company focused on Machine Learning in the Technology industry.,1000,Established,Series A,2020,"San Francisco, CA, USA",https://ramp.com,2025-08-27T16:50:38.218493Z,2025-08-27T16:50:38.218494Z
c6eafc63-dd24-49ab-af42-8dd81da90573,Endgame,Technology,Machine Learning,AI company focused on Machine Learning in the Technology industry.,1000,Established,Series A,2020,"San Francisco, CA, USA",https://endgame.com,2025-08-27T16:50:38.218585Z,2025-08-27T16:50:38.218586Z
d691d669-fa41-4edf-bd8d-d95182d30152,PIMCO,Technology,Machine Learning,AI company focused on Machine Learning in the Technology industry.,1000,Established,Series A,2020,"San Francisco, CA, USA",https://pimco.com,2025-08-27T16:50:38.218704Z,2025-08-27T16:50:38.218705Z
b49ee9ed-1333-4687-b24d-8fc8a76cd547,The Value Maximizer,Technology,Machine Learning,AI company focused on Machine Learning in the Technology industry.,1000,Established,Series A,2020,"San Francisco, CA, USA",https://thevaluemaximizer.com,2025-08-27T16:50:38.218812Z,2025-08-27T16:50:38.218813Z
6d5f7829-25ed-4f55-87d3-62823995df8d,GlossGenius,Technology,Machine Learning,AI company focused on Machine Learning in the Technology industry.,1000,Established,Series A,2020,"San Francisco, CA, USA",https://glossgenius.com,2025-08-27T16:50:38.218905Z,2025-08-27T16:50:38.218906Z
ab758527-48ad-4985-878c-fa6e0a1a08f0,Wing,Technology,Machine Learning,AI company focused on Machine Learning in the Technology industry.,1000,Established,Series A,2020,"San Francisco, CA, USA",https://wing.com,2025-08-27T16:50:38.219034Z,2025-08-27T16:50:38.219035Z
1938539a-2028-4c2d-a00d-8574294b9d86,Notion,Technology,Machine Learning,AI company focused on Machine Learning in the Technology industry.,1000,Established,Series A,2020,"San Francisco, CA, USA",https://notion.com,2025-08-27T16:50:38.219153Z,2025-08-27T16:50:38.219154Z
3ba941bb-0b6f-4f61-ac29-b89b984e9b56,"Reddit, Inc.",Technology,Machine Learning,AI company focused on Machine Learning in the Technology industry.,1000,Established,Series A,2020,"San Francisco, CA, USA","https://reddit,inc..com",2025-08-27T16:50:38.219268Z,2025-08-27T16:50:38.219269Z
7dab3262-f9d4-4933-9259-78b75abf2317,Samsara,Technology,Machine Learning,AI company focused on Machine Learning in the Technology industry.,1000,Established,Series A,2020,"San Francisco, CA, USA",https://samsara.com,2025-08-27T16:50:38.219384Z,2025-08-27T16:50:38.219385Z
4f7e772f-a98f-4b74-9833-34bb627a6dd4,Glean,Technology,Machine Learning,AI company focused on Machine Learning in the Technology industry.,1000,Established,Series A,2020,"San Francisco, CA, USA",https://glean.com,2025-08-27T16:50:38.219572Z,2025-08-27T16:50:38.219573Z
4267d642-cc99-4d31-9e83-fdc02d5f6b2d,Ramp,Technology,Machine Learning,AI company focused on Machine Learning in the Technology industry.,1000,Established,Series A,2020,"San Francisco, CA, USA",https://ramp.com,2025-08-27T16:50:38.219718Z,2025-08-27T16:50:38.219719Z
e2220f13-184a-4c06-8e0a-9f5bca736937,Michael Kors,Technology,Machine Learning,AI company focused on Machine Learning in the Technology industry.,1000,Established,Series A,2020,"San Francisco, CA, USA",https://michaelkors.com,2025-08-27T16:50:38.219807Z,2025-08-27T16:50:38.219808Z
b7e6aca6-f8fb-44e6-aca0-cb0dc7f3cda3,Ralph Lauren,Technology,Machine Learning,AI company focused on Machine Learning in the Technology industry.,1000,Established,Series A,2020,"San Francisco, CA, USA",https://ralphlauren.com,2025-08-27T16:50:38.219922Z,2025-08-27T16:50:38.219923Z
54142e3e-c5aa-4fe7-a046-6f0e466b8ff0,REVOLVE,Technology,Machine Learning,AI company focused on Machine Learning in the Technology industry.,1000,Established,Series A,2020,"San Francisco, CA, USA",https://revolve.com,2025-08-27T16:50:38.220004Z,2025-08-27T16:50:38.220004Z
944e2a0f-5b33-4e14-97e9-161af04bc6e5,Zeta,Technology,Machine Learning,AI company focused on Machine Learning in the Technology industry.,1000,Established,Series A,2020,"San Francisco, CA, USA",https://zeta.com,2025-08-27T16:50:38.220067Z,2025-08-27T16:50:38.220068Z
a04ac945-bcf1-4a8a-974b-a6c2af069fec,Nykaa,Technology,Machine Learning,AI company focused on Machine Learning in the Technology industry.,1000,Established,Series A,2020,"San Francisco, CA, USA",https://nykaa.com,2025-08-27T16:50:38.220150Z,2025-08-27T16:50:38.220151Z
0755c0d1-986e-4fb5-af31-62b2ff2e5430,Asana,Technology,Machine Learning,AI company focused on Machine Learning in the Technology industry.,1000,Established,Series A,2020,"San Francisco, CA, USA",https://asana.com,2025-08-27T16:50:38.220235Z,2025-08-27T16:50:38.220235Z
894ad028-aeab-4488-a0e7-75bb22a1c91f,slice,Technology,Machine Learning,AI company focused on Machine Learning in the Technology industry.,1000,Established,Series A,2020,"San Francisco, CA, USA",https://slice.com,2025-08-27T16:50:38.220351Z,2025-08-27T16:50:38.220351Z
55f65a90-a301-40ed-be59-2d8defac0911,YETI,Technology,Machine Learning,AI company focused on Machine Learning in the Technology industry.,1000,Established,Series A,2020,"San Francisco, CA, USA",https://yeti.com,2025-08-27T16:50:38.220428Z,2025-08-27T16:50:38.220429Z
01a14d1c-3299-45ce-bd96-9f365f50ec0f,TikTok,Technology,Machine Learning,AI company focused on Machine Learning in the Technology industry.,1000,Established,Series A,2020,"San Francisco, CA, USA",https://tiktok.com,2025-08-27T16:50:38.220530Z,2025-08-27T16:50:38.220531Z
863ec588-5d90-4584-91ba-3c1d1e7d7a45,Jar,Technology,Machine Learning,AI company focused on Machine Learning in the Technology industry.,1000,Established,Series A,2020,"San Francisco, CA, USA",https://jar.com,2025-08-27T16:50:38.220609Z,2025-08-27T16:50:38.220610Z
bf359ce3-e22b-450b-b21e-fde4e85df8a2,Stradivarius,Technology,Machine Learning,AI company focused on Machine Learning in the Technology industry.,1000,Established,Series A,2020,"San Francisco, CA, USA",https://stradivarius.com,2025-08-27T16:50:38.220693Z,2025-08-27T16:50:38.220694Z
292e8b13-1dab-4c43-8439-55817882a549,Asana,Technology,Machine Learning,AI company focused on Machine Learning in the Technology industry.,1000,Established,Series A,2020,"San Francisco, CA, USA",https://asana.com,2025-08-27T16:50:38.220770Z,2025-08-27T16:50:38.220770Z
69b88624-cadc-4ee1-a4d0-0c39b360b84d,PhonePe,Technology,Machine Learning,AI company focused on Machine Learning in the Technology industry.,1000,Established,Series A,2020,"San Francisco, CA, USA",https://phonepe.com,2025-08-27T16:50:38.220864Z,2025-08-27T16:50:38.220865Z
a983d822-e65f-421d-ba40-d968abe64d69,Fanatics,Technology,Machine Learning,AI company focused on Machine Learning in the Technology industry.,1000,Established,Series A,2020,"San Francisco, CA, USA",https://fanatics.com,2025-08-27T16:50:38.220951Z,2025-08-27T16:50:38.220952Z
88a21bfa-1c50-434d-8728-64adf5dcbfbf,ACG World,Technology,Machine Learning,AI company focused on Machine Learning in the Technology industry.,1000,Established,Series A,2020,"San Francisco, CA, USA",https://acgworld.com,2025-08-27T16:50:38.221055Z,2025-08-27T16:50:38.221056Z
623215dd-7408-46be-aa42-32861bd5dc0e,Times Internet,Technology,Machine Learning,AI company focused on Machine Learning in the Technology industry.,1000,Established,Series A,2020,"San Francisco, CA, USA",https://timesinternet.com,2025-08-27T16:50:38.221145Z,2025-08-27T16:50:38.221145Z
290e256c-1bb0-4b33-bfd6-b9c9f3725f7e,Hardcastle Restaurants Pvt. Ltd.,Technology,Machine Learning,AI company focused on Machine Learning in the Technology industry.,1000,Established,Series A,2020,"San Francisco, CA, USA",https://hardcastlerestaurantspvt.ltd..com,2025-08-27T16:50:38.221221Z,2025-08-27T16:50:38.221221Z
7278c656-0e7f-4488-a5f8-759a5e636bd6,Zest AI,Technology,Machine Learning,AI company focused on Machine Learning in the Technology industry.,1000,Established,Series A,2020,"San Francisco, CA, USA",https://zestai.com,2025-08-27T16:50:38.221304Z,2025-08-27T16:50:38.221305Z
a86d409b-22f0-4e47-87bb-70edec9eff96,JUSPAY,Technology,Machine Learning,AI company focused on Machine Learning in the Technology industry.,1000,Established,Series A,2020,"San Francisco, CA, USA",https://juspay.com,2025-08-27T16:50:38.221371Z,2025-08-27T16:50:38.221371Z
ec335c72-dc4b-44f5-8208-e8d25ce90371,Kotak Securities,Technology,Machine Learning,AI company focused on Machine Learning in the Technology industry.,1000,Established,Series A,2020,"San Francisco, CA, USA",https://kotaksecurities.com,2025-08-27T16:50:38.221426Z,2025-08-27T16:50:38.221427Z
1fedd3bb-9926-4293-a83d-cb34731e3769,Therma-Tru Doors,Technology,Machine Learning,AI company focused on Machine Learning in the Technology industry.,1000,Established,Series A,2020,"San Francisco, CA, USA",https://therma-trudoors.com,2025-08-27T16:50:38.221515Z,2025-08-27T16:50:38.221515Z
ae4cda5c-bfd8-428f-81bc-2e7ef5e4ee6b,Asana,Technology,Machine Learning,AI company focused on Machine Learning in the Technology industry.,1000,Established,Series A,2020,"San Francisco, CA, USA",https://asana.com,2025-08-27T16:50:38.221590Z,2025-08-27T16:50:38.221591Z
b3496e0b-3d43-4d0b-9b30-5821f2a9c23c,TikTok,Technology,Machine Learning,AI company focused on Machine Learning in the Technology industry.,1000,Established,Series A,2020,"San Francisco, CA, USA",https://tiktok.com,2025-08-27T16:50:38.221709Z,2025-08-27T16:50:38.221709Z
a7ab15ac-e214-4479-85d9-0142321f928b,TikTok,Technology,Machine Learning,AI company focused on Machine Learning in the Technology industry.,1000,Established,Series A,2020,"San Francisco, CA, USA",https://tiktok.com,2025-08-27T16:50:38.221791Z,2025-08-27T16:50:38.221791Z
14891b59-83ed-492a-9560-a2ed7b559135,AEG,Technology,Machine Learning,AI company focused on Machine Learning in the Technology industry.,1000,Established,Series A,2020,"San Francisco, CA, USA",https://aeg.com,2025-08-27T16:50:38.221863Z,2025-08-27T16:50:38.221864Z
32d5f2db-ae81-45f8-a880-3a148e89b291,Michael Kors,Technology,Machine Learning,AI company focused on Machine Learning in the Technology industry.,1000,Established,Series A,2020,"San Francisco, CA, USA",https://michaelkors.com,2025-08-27T16:50:38.221951Z,2025-08-27T16:50:38.221951Z
66036186-a032-4dd1-8b9b-a01d53837685,Ralph Lauren,Technology,Machine Learning,AI company focused on Machine Learning in the Technology industry.,1000,Established,Series A,2020,"San Francisco, CA, USA",https://ralphlauren.com,2025-08-27T16:50:38.222049Z,2025-08-27T16:50:38.222050Z
6ce73f5f-d68c-400c-9997-154621bf500e,REVOLVE,Technology,Machine Learning,AI company focused on Machine Learning in the Technology industry.,1000,Established,Series A,2020,"San Francisco, CA, USA",https://revolve.com,2025-08-27T16:50:38.222117Z,2025-08-27T16:50:38.222118Z
5be5f12b-50a4-4a6d-95c5-5795f9de9925,Asana,Technology,Machine Learning,AI company focused on Machine Learning in the Technology industry.,1000,Established,Series A,2020,"San Francisco, CA, USA",https://asana.com,2025-08-27T16:50:38.222176Z,2025-08-27T16:50:38.222176Z
d73584b9-5e0f-44d8-ba83-20092803ae05,YETI,Technology,Machine Learning,AI company focused on Machine Learning in the Technology industry.,1000,Established,Series A,2020,"San Francisco, CA, USA",https://yeti.com,2025-08-27T16:50:38.222277Z,2025-08-27T16:50:38.222277Z
12bd1f1c-a70b-4425-8b3d-0a20f42fb580,TikTok,Technology,Machine Learning,AI company focused on Machine Learning in the Technology industry.,1000,Established,Series A,2020,"San Francisco, CA, USA",https://tiktok.com,2025-08-27T16:50:38.222372Z,2025-08-27T16:50:38.222372Z
920cc974-0ae8-47d6-8c7f-2025314ed479,Fanatics,Technology,Machine Learning,AI company focused on Machine Learning in the Technology industry.,1000,Established,Series A,2020,"San Francisco, CA, USA",https://fanatics.com,2025-08-27T16:50:38.222449Z,2025-08-27T16:50:38.222449Z
e822e60b-8b62-40af-8d99-7ffa7ef59ba4,Zest AI,Technology,Machine Learning,AI company focused on Machine Learning in the Technology industry.,1000,Established,Series A,2020,"San Francisco, CA, USA",https://zestai.com,2025-08-27T16:50:38.222593Z,2025-08-27T16:50:38.222595Z
128d548b-2fb0-42dd-8ddd-b616f4c9de29,Asana,Technology,Machine Learning,AI company focused on Machine Learning in the Technology industry.,1000,Established,Series A,2020,"San Francisco, CA, USA",https://asana.com,2025-08-27T16:50:38.222676Z,2025-08-27T16:50:38.222677Z
3787b2e2-b3b6-4a83-aae4-c9a3f34cf6ac,TikTok,Technology,Machine Learning,AI company focused on Machine Learning in the Technology industry.,1000,Established,Series A,2020,"San Francisco, CA, USA",https://tiktok.com,2025-08-27T16:50:38.222835Z,2025-08-27T16:50:38.222836Z
f92520a7-c11c-4e0a-bed7-8d0b441a33a9,TikTok,Technology,Machine Learning,AI company focused on Machine Learning in the Technology industry.,1000,Established,Series A,2020,"San Francisco, CA, USA",https://tiktok.com,2025-08-27T16:50:38.222944Z,2025-08-27T16:50:38.222945Z
bbfe520b-beb3-48ed-bc1c-e70d4f2bbe91,AEG,Technology,Machine Learning,AI company focused on Machine Learning in the Technology industry.,1000,Established,Series A,2020,"San Francisco, CA, USA",https://aeg.com,2025-08-27T16:50:38.223035Z,2025-08-27T16:50:38.223036Z
25a308ec-9c3b-4601-b3f7-76a6f9b3ba50,Databricks,Technology,Machine Learning,AI company focused on Machine Learning in the Technology industry.,1000,Established,Series A,2020,"San Francisco, CA, USA",https://databricks.com,2025-08-27T16:50:38.223142Z,2025-08-27T16:50:38.223142Z
29c29a69-05c0-4572-bd15-b5e8802305fb,DataVisor,Technology,Machine Learning,AI company focused on Machine Learning in the Technology industry.,1000,Established,Series A,2020,"San Francisco, CA, USA",https://datavisor.com,2025-08-27T16:50:38.223258Z,2025-08-27T16:50:38.223259Z
b3a8a2a3-3f99-47dc-b354-5ecf0c135dfa,Databricks,Technology,Machine Learning,AI company focused on Machine Learning in the Technology industry.,1000,Established,Series A,2020,"San Francisco, CA, USA",https://databricks.com,2025-08-27T16:50:38.223355Z,2025-08-27T16:50:38.223356Z
a1949740-79ea-41d1-bf88-aea708f5ce75,Strong Hold,Technology,Machine Learning,AI company focused on Machine Learning in the Technology industry.,1000,Established,Series A,2020,"San Francisco, CA, USA",https://stronghold.com,2025-08-27T16:50:38.223471Z,2025-08-27T16:50:38.223472Z
31cca55c-d0d0-4fe2-bebe-cac0d0c12284,Integrate,Technology,Machine Learning,AI company focused on Machine Learning in the Technology industry.,1000,Established,Series A,2020,"San Francisco, CA, USA",https://integrate.com,2025-08-27T16:50:38.223577Z,2025-08-27T16:50:38.223578Z
1a261187-31ee-4dea-8fe8-9574243668fb,Fanatics,Technology,Machine Learning,AI company focused on Machine Learning in the Technology industry.,1000,Established,Series A,2020,"San Francisco, CA, USA",https://fanatics.com,2025-08-27T16:50:38.223658Z,2025-08-27T16:50:38.223659Z
7d05d02b-034e-48b3-a46e-0c7dd326e47a,Databricks,Technology,Machine Learning,AI company focused on Machine Learning in the Technology industry.,1000,Established,Series A,2020,"San Francisco, CA, USA",https://databricks.com,2025-08-27T16:50:38.223757Z,2025-08-27T16:50:38.223758Z
5b7dafbe-d5dc-4153-800c-76a7774e0bff,PACSUN,Technology,Machine Learning,AI company focused on Machine Learning in the Technology industry.,1000,Established,Series A,2020,"San Francisco, CA, USA",https://pacsun.com,2025-08-27T16:50:38.223851Z,2025-08-27T16:50:38.223852Z
c7676ef0-f058-4aaf-9070-b4930c575426,Swayable,Technology,Machine Learning,AI company focused on Machine Learning in the Technology industry.,1000,Established,Series A,2020,"San Francisco, CA, USA",https://swayable.com,2025-08-27T16:50:38.223933Z,2025-08-27T16:50:38.223934Z
603a6382-2c38-4b66-a23c-d49a37931da2,Arc,Technology,Machine Learning,AI company focused on Machine Learning in the Technology industry.,1000,Established,Series A,2020,"San Francisco, CA, USA",https://arc.com,2025-08-27T16:50:38.224062Z,2025-08-27T16:50:38.224063Z
8c87b661-8b6b-4ccf-b816-291f1d9dd070,YouLand,Technology,Machine Learning,AI company focused on Machine Learning in the Technology industry.,1000,Established,Series A,2020,"San Francisco, CA, USA",https://youland.com,2025-08-27T16:50:38.224257Z,2025-08-27T16:50:38.224261Z
adf0d9ed-6da8-404f-9643-cd091b17f38c,Experian,Technology,Machine Learning,AI company focused on Machine Learning in the Technology industry.,1000,Established,Series A,2020,"San Francisco, CA, USA",https://experian.com,2025-08-27T16:50:38.224390Z,2025-08-27T16:50:38.224391Z
c3255e54-071e-42d0-84c5-967c1a77054d,M7 Health,Technology,Machine Learning,AI company focused on Machine Learning in the Technology industry.,1000,Established,Series A,2020,"San Francisco, CA, USA",https://m7health.com,2025-08-27T16:50:38.224465Z,2025-08-27T16:50:38.224466Z
